{"cameraMode":{"drawMode":0,"name":"Shaded","section":"Shading Mode"},"sceneLighting":false,"audioPlay":false,"sceneViewState":{"showFog":true,"showMaterialUpdate":false,"showSkybox":true,"showFlares":true,"showImageEffects":true,"showParticleSystems":true},"in2DMode":false,"pivot":{"x":239.65997314453126,"y":5.588241100311279,"z":138.7992706298828},"rotation":{"x":0.05102582275867462,"y":-0.930537223815918,"z":0.142370343208313,"w":0.33350807428359988},"size":2.0783369541168215,"orthographic":false}