{"cameraMode":{"drawMode":0,"name":"Shaded","section":"Shading Mode"},"sceneLighting":false,"audioPlay":false,"sceneViewState":{"showFog":true,"showMaterialUpdate":false,"showSkybox":true,"showFlares":true,"showImageEffects":true,"showParticleSystems":true},"in2DMode":false,"pivot":{"x":-0.013732343912124634,"y":0.18724289536476136,"z":0.021015368402004243},"rotation":{"x":0.05102582275867462,"y":-0.930537223815918,"z":0.142370343208313,"w":0.33350807428359988},"size":1.2153499126434327,"orthographic":false}