{"cameraMode":{"drawMode":0,"name":"Shaded","section":"Shading Mode"},"sceneLighting":false,"audioPlay":false,"sceneViewState":{"showFog":true,"showMaterialUpdate":false,"showSkybox":true,"showFlares":true,"showImageEffects":true,"showParticleSystems":true},"in2DMode":false,"pivot":{"x":-5.793144226074219,"y":0.3536677360534668,"z":0.11207985877990723},"rotation":{"x":-0.09682084619998932,"y":0.7122470140457153,"z":-0.1002391055226326,"w":-0.6879550814628601},"size":16.223649978637697,"orthographic":false}